fra;strate2;jour;tx_indic_7J_DC;tx_indic_7J_hosp;tx_indic_7J_SC;tx_prev_hosp;tx_prev_SC
FR;0;2020-03-07;0;0;0;1.16814431707847;0.143038079642262
FR;0;2020-03-08;0;0;0;1.30224251674309;0.174327659564007
FR;0;2020-03-09;0;0;0;1.628548135927;0.236906819407496
FR;0;2020-03-10;0;0;0;1.95187379511836;0.287566139280797
FR;0;2020-03-11;0;0;0;2.40780767397807;0.35163527912056
FR;0;2020-03-12;0;0;0;2.89354115276325;0.43507415891188
FR;0;2020-03-13;0.0968486997577814;2.88013133279679;0.454443898863436;3.572972031064;0.528942898677114
FR;0;2020-03-14;0.13409819966462;3.58787183102673;0.612381778468433;4.27773256930139;0.686880778282111
FR;0;2020-03-15;0.208597199478298;4.42077064894365;0.800119257998902;5.13000112716987;0.893987997764136
FR;0;2020-03-16;0.315875759209995;5.69321356576127;1.09513529726107;6.58571158352914;1.23668339690705
FR;0;2020-03-17;0.45593387885971;7.03568554240375;1.41250103646734;7.95500320010454;1.56894893607606
FR;0;2020-03-18;0.573642298565321;8.67615351830094;1.70155715574441;9.66401025583031;1.84161527539412
FR;0;2020-03-19;0.737540098155412;10.5326685936578;2.17090085457058;11.606944170971;2.31989885419793
FR;0;2020-03-20;0.893987997764136;12.712509328206;2.68196399329241;14.0147518449491;2.82053213294585
FR;0;2020-03-21;1.0876853972797;14.3231777041777;3.04700909237943;15.8191176204364;3.24219647189127
FR;0;2020-03-22;1.33502207666111;15.9517258401047;3.43291391141428;17.7993010354839;3.70707023072862
FR;0;2020-03-23;1.59725855600526;18.4668120738145;4.01996602994607;21.3007540267268;4.51463938870889
FR;0;2020-03-24;1.86992489532332;20.8686598278075;4.50718948872752;24.155555699587;5.15831074709907
FR;0;2020-03-25;2.23794995440289;23.4373853413831;5.12404120718477;27.4409615913702;5.87499112530665
FR;0;2020-03-26;2.60448503348618;25.8839324952643;5.59636486600349;30.6712382232912;6.5991214034956
FR;0;2020-03-27;3.01720949245396;28.5375868686275;6.0522987448632;34.4215178739118;7.3709310415653
FR;0;2020-03-28;3.42695399142919;30.2793734842713;6.42479374393159;36.4940800487283;7.95053326011572
FR;0;2020-03-29;3.71303015071371;31.192731221987;6.65276068336145;38.4340340038765;8.48245611878538
FR;0;2020-03-30;4.09893496974856;32.031589959889;6.73321960316022;41.9503867950821;9.24830583686999
FR;0;2020-03-31;4.45504018885794;32.7438003981078;6.86731780282484;43.8858708102414;9.86366757533097
FR;0;2020-04-01;4.77985582804558;32.7795599180183;6.80026870299253;45.7289760656318;10.2987417342428
FR;0;2020-04-02;5.01974260744562;32.2744566992816;6.55591198360366;47.0118488424234;10.6041876334789
FR;0;2020-04-03;5.30134882674133;31.0973725022255;6.24152620438994;48.5495081985777;10.876853972797
FR;0;2020-04-04;5.41458730645812;30.0752462247818;5.87946106529547;48.1442336395913;10.8515243128603
FR;0;2020-04-05;5.61126466596623;28.6999946882213;5.49951616624571;48.2783318392559;10.8947337327523
FR;0;2020-04-06;5.63808430589915;27.4215918514186;5.08977166727048;50.4239030338898;11.0958810322492
FR;0;2020-04-07;5.57848510604821;26.0791198747761;4.62936784842195;49.8621805752947;10.9900924525138
FR;0;2020-04-08;5.40117748649166;24.5489104186032;4.18386382953616;49.5567346760586;10.8396044728901
FR;0;2020-04-09;5.36094802659227;23.6117130009471;3.84265841038951;49.580574355999;10.659316893341
FR;0;2020-04-10;5.17470052705807;22.3303302041518;3.47016341132112;49.5492847760773;10.4000603739894
FR;0;2020-04-11;5.09871154724812;21.3871728665107;3.21537683195834;48.4407396588497;10.0305453349136
FR;0;2020-04-12;4.87223458781454;21.1294063271554;3.07978865229745;48.4466995788348;9.93369663515582
FR;0;2020-04-13;4.69492696825799;19.1104834322047;2.75795297310236;48.8489941778287;9.8845272952788
FR;0;2020-04-14;4.6040381884853;18.039187814884;2.56723553357934;49.7698018155257;9.8562176753496
FR;0;2020-04-15;4.58317846853747;17.2062889969671;2.42121749394454;48.4317997788721;9.45094311636319
FR;0;2020-04-16;4.39842094899955;16.1722428795532;2.31393893421284;47.5288719011303;9.15592707710103
FR;0;2020-04-17;4.32541192918214;15.3900033815096;2.18282069454077;46.9775793025091;8.74320261813325
FR;0;2020-04-18;4.15853416959951;14.5213450436821;2.13365135466374;45.1836433869957;8.32302825918411
FR;0;2020-04-19;4.03933576989762;13.6780163657913;1.98316337504011;44.8290281478826;8.20680981947477
FR;0;2020-04-20;3.90374759023673;13.752515365605;1.9384639751519;45.7379159456095;8.21127975946359
FR;0;2020-04-21;3.71750009070253;13.1297037271626;1.78350605553945;44.5667916685385;7.77471562055544
FR;0;2020-04-22;3.5223127111907;12.2491255493649;1.70006717574813;43.5789349310091;7.45585990135289
FR;0;2020-04-23;3.38076461154471;11.3596074915896;1.53914933615059;42.7385862131108;7.15935388209446
FR;0;2020-04-24;3.16471751208504;10.3941004540044;1.46912027632573;41.7984088354622;6.85092802286583
FR;0;2020-04-25;2.99932973249868;9.8279080554204;1.34396195663875;40.1519809395799;6.51568252370428
FR;0;2020-04-26;2.85927161284896;9.44051325638928;1.28883269677663;39.8808045802581;6.42777370392414
FR;0;2020-04-27;2.74156319314335;8.8758108378016;1.1890040370263;40.4916963787303;6.42926368392041
FR;0;2020-04-28;2.6149148934601;8.19786993949713;1.11748499720517;39.0762153822704;6.01206928496382
FR;0;2020-04-29;2.45846699385137;7.7091565007194;1.02957617742503;37.832082085382;5.71854322569792
FR;0;2020-04-30;2.33777861415322;7.24875268187087;0.98785673752937;36.8814748477594;5.47865644629788
FR;0;2020-05-01;2.15004113462275;6.46800316382352;0.891008037771589;35.0756190922759;5.17023058706925
FR;0;2020-05-02;2.0174329149544;6.24301618438622;0.865678377834938;35.0026100724585;5.09275162726303
FR;0;2020-05-03;1.92952409517426;6.02696908492655;0.823958937939279;34.8551020528274;5.02421254743445
FR;0;2020-05-04;1.83118541542021;5.56358530608547;0.768829678077157;35.1918375319852;4.98100312754251
FR;0;2020-05-05;1.72241687569224;5.27601916680468;0.770319658073431;33.8568154553241;4.72025662819464
FR;0;2020-05-06;1.68218741579285;4.96759330757605;0.721150318196403;32.6558915783276;4.38650110902936
FR;0;2020-05-07;1.54510925613568;4.62042796844431;0.674960938311923;31.4683775212976;4.14065440964422
FR;0;2020-05-08;1.52871947617667;4.37905120904799;0.65708117835664;29.8681390052998;3.90076763024418
FR;0;2020-05-09;1.48551005628474;4.22260330943927;0.640691398397631;29.7325508256389;3.84563837038206
FR;0;2020-05-10;1.40654111648224;4.14363436963677;0.63175151841999;29.6655017258066;3.80242895049013
FR;0;2020-05-11;1.29330263676545;3.92311733018828;0.601951918494518;29.8934686652364;3.7756093105572
FR;0;2020-05-12;1.2456232768847;3.64449107088513;0.552782578617491;28.8221730479157;3.50592293123169
FR;0;2020-05-13;1.1666543370822;3.44781371137702;0.521492998695746;27.728527730651;3.29583575175712
FR;0;2020-05-14;1.11450503721262;3.23772653190245;0.496163338759096;26.7823904330172;3.11107823221919
FR;0;2020-05-15;1.05341585736541;3.31967543169749;0.487223458781454;25.8362531353835;2.9754900525583
FR;0;2020-05-16;1.0087164574772;3.1781273320515;0.451463938870889;24.6755587182864;2.79222251301665
FR;0;2020-05-17;0.996796617507012;3.07829867230118;0.411234478971503;24.5220907786703;2.74305317313962
FR;0;2020-05-18;0.978916857551729;2.97847001255085;0.421664338945418;24.7172781581821;2.77583273305764
FR;0;2020-05-19;0.965507037585267;2.80563233298311;0.390374759023673;23.7219715206714;2.57170547356817
FR;0;2020-05-20;0.929747517674701;2.66259425334085;0.371005019072117;22.7266648831606;2.4286673939259
FR;0;2020-05-21;0.932727477667249;2.42121749394454;0.323325659191363;21.4959414062387;2.26774955432836
FR;0;2020-05-22;0.885048117786495;2.3273487541793;0.317365739206268;21.5823602460225;2.25582971435817
FR;0;2020-05-23;0.847798617879656;2.25284975436562;0.315875759209995;20.8835596277702;2.16345095458921
FR;0;2020-05-24;0.768829678077157;2.15451107461157;0.317365739206268;20.7956508079901;2.12620145468237
FR;0;2020-05-25;0.74498999813678;2.00700305498049;0.290546099273344;20.9133592276957;2.13216137466746
FR;0;2020-05-26;0.688370758278385;1.88929463527487;0.292036079269618;20.0223511899241;2.04276257489105
FR;0;2020-05-27;0.658571158352914;1.79691587550591;0.281606219295703;19.1983922519848;1.93101407517053
FR;0;2020-05-28;0.630261538423716;1.77605615555808;0.289056119277071;18.4340325138965;1.82075555544629
FR;0;2020-05-29;0.621321658446075;1.62258821594191;0.259256519351599;17.674142715797;1.70453711573695
FR;0;2020-05-30;0.594502018513151;1.54659923613196;0.236906819407496;16.884453317772;1.62109823594563
FR;0;2020-05-31;0.603441898490792;1.49593991625865;0.224986979437308;16.7533350780999;1.58980865602389
FR;0;2020-06-01;0.563212438591406;1.38270143654186;0.192207419519289;16.726515438167;1.56298901609096
FR;0;2020-06-02;0.561722458595132;1.30671245673191;0.163897799590092;16.6833060182751;1.5495791961245
FR;0;2020-06-03;0.533412838665934;1.24860323687724;0.153467939616177;15.8742468802985;1.45720043635554
FR;0;2020-06-04;0.496163338759096;1.20390383698904;0.144528059638535;15.2186556819381;1.36482167658658
FR;0;2020-06-05;0.470833678822445;1.1606944170971;0.15048797962363;14.6122338234548;1.28138279679526
FR;0;2020-06-06;0.451463938870889;1.138344717153;0.15048797962363;13.8851235852733;1.21284371696668
FR;0;2020-06-07;0.420174358949144;1.10109521724616;0.147508019631082;13.7823149655304;1.19198399701885
FR;0;2020-06-08;0.399314639001314;1.09960523724989;0.151977959619903;13.8434041453776;1.1949639570114
FR;0;2020-06-09;0.365045099087022;1.04596595738404;0.147508019631082;13.3830003265291;1.12493489718654
FR;0;2020-06-10;0.329285579176457;1.01318639746602;0.157937879604997;12.9658059275725;1.09364531726479
FR;0;2020-06-11;0.314385779213721;0.974446917562908;0.159427859601271;12.603740788478;1.04596595738404
FR;0;2020-06-12;0.302465939243533;0.934217457663522;0.148997999627356;12.189526349514;1.00126655749583
FR;0;2020-06-13;0.281606219295703;0.888028077779042;0.144528059638535;11.8229912704307;0.965507037585267
FR;0;2020-06-14;0.281606219295703;0.914847717711966;0.143038079642262;11.7857417705239;0.955077177611352
FR;0;2020-06-15;0.271176359321788;0.898457937752957;0.147508019631082;11.8453409703748;0.961037097596446
FR;0;2020-06-16;0.247336679381411;0.914847717711966;0.156447899608724;11.4832758312803;0.923787597689607
FR;0;2020-06-17;0.250316639373958;0.87461825781258;0.13409819966462;11.0884311322678;0.886538097782768
FR;0;2020-06-18;0.236906819407496;0.861208437846118;0.126648299683253;10.784475213028;0.850778577872203
FR;0;2020-06-19;0.224986979437308;0.858228477853571;0.113238479716791;10.4924391337584;0.81203909796909
FR;0;2020-06-20;0.22200701944476;0.879088197801401;0.105788579735423;10.1661335145745;0.788199418028713
FR;0;2020-06-21;0.211577159470846;0.873128277816306;0.10876853972797;10.1661335145745;0.785219458036166
FR;0;2020-06-22;0.187737479530469;0.859718457849844;0.104298599739149;10.1974230944962;0.794159338013808
FR;0;2020-06-23;0.187737479530469;0.83289881791692;0.0864188397838665;9.87558741530116;0.753929878114421
FR;0;2020-06-24;0.189227459526742;0.822468957943005;0.0953587197615078;9.61633089594956;0.727110238181497
FR;0;2020-06-25;0.187737479530469;0.810549117972817;0.105788579735423;9.3943238765048;0.710720458222488
FR;0;2020-06-26;0.180287579549101;0.809059137976543;0.114728459713064;9.11420763720537;0.688370758278385
FR;0;2020-06-27;0.17581763956028;0.779259538051072;0.117708419705611;8.85495111785377;0.664531078338008
FR;0;2020-06-28;0.153467939616177;0.762869758092063;0.123668339690705;8.84452125787985;0.674960938311923
FR;0;2020-06-29;0.153467939616177;0.753929878114421;0.116218439709338;8.90710041772334;0.679430878300743
FR;0;2020-06-30;0.147508019631082;0.734560138162865;0.120688379698158;8.73277275815934;0.652611238367819
FR;0;2020-07-01;0.13409819966462;0.718170358203856;0.114728459713064;8.44967655886736;0.618341698453527
FR;0;2020-07-02;0.128138279679526;0.697310638256026;0.104298599739149;8.23511943940397;0.600461938498245
FR;0;2020-07-03;0.105788579735423;0.673470958315649;0.0983386797540549;8.02205229993685;0.576622258557868
FR;0;2020-07-04;0.105788579735423;0.67794089830447;0.0968486997577814;7.85964448034303;0.563212438591406
FR;0;2020-07-05;0.113238479716791;0.667511038330555;0.0893987997764136;7.85517454035421;0.570662338572774
FR;0;2020-07-06;0.114728459713064;0.671980978319376;0.0938687397652343;7.90285390023496;0.581092198546688
FR;0;2020-07-07;0.104298599739149;0.663041098341734;0.105788579735423;7.73448616065605;0.570662338572774
FR;0;2020-07-08;0.104298599739149;0.639201418401357;0.105788579735423;7.56760840107341;0.546822658632397
FR;0;2020-07-09;0.104298599739149;0.670490998323102;0.105788579735423;7.46330980133426;0.537882778654755
FR;0;2020-07-10;0.113238479716791;0.704760538237394;0.111748499720517;7.32772162167337;0.528942898677114
FR;0;2020-07-11;0.105788579735423;0.6988006182523;0.10876853972797;7.15041400211682;0.511063138721831
FR;0;2020-07-12;0.102808619742876;0.706250518233667;0.107278559731696;7.15041400211682;0.503613238740463
FR;0;2020-07-13;0.111748499720517;0.746479978133054;0.114728459713064;7.2413027818895;0.514043098714378
FR;0;2020-07-14;0.105788579735423;0.736050118159139;0.110258519724243;7.11465448220625;0.50212325874419
FR;0;2020-07-15;0.104298599739149;0.783729478039893;0.117708419705611;7.1966033820013;0.518513038703199
FR;0;2020-07-16;0.0983386797540549;0.794159338013808;0.128138279679526;7.07293504231059;0.508083178729284
FR;0;2020-07-17;0.0953587197615078;0.801609237995175;0.128138279679526;6.96118654259007;0.484243498788907
FR;0;2020-07-18;0.101318639746602;0.809059137976543;0.141548099645988;6.78685888302607;0.482753518792633
FR;0;2020-07-19;0.102808619742876;0.797139298006355;0.140058119649715;6.74662942312668;0.472323658818719
FR;0;2020-07-20;0.0968486997577814;0.798629278002628;0.131118239672073;6.84496810288074;0.478283578803813
FR;0;2020-07-21;0.101318639746602;0.838858737902014;0.135588179660894;6.75407932310805;0.479773558800086
FR;0;2020-07-22;0.0923787597689607;0.831408837920647;0.128138279679526;6.54995206361857;0.457423858855983
FR;0;2020-07-23;0.0953587197615078;0.816509037957911;0.123668339690705;6.25940596434523;0.451463938870889
FR;0;2020-07-24;0.0998286597503285;0.847798617879656;0.1296282596758;6.17745706455018;0.444014038889521
FR;0;2020-07-25;0.0879088197801401;0.876108237808854;0.117708419705611;6.04037890489301;0.424644298937965
FR;0;2020-07-26;0.0789689398024987;0.911867757719419;0.126648299683253;6.07911838479613;0.430604218923059
FR;0;2020-07-27;0.0759889798099516;0.92080763769706;0.141548099645988;6.19235686451292;0.454443898863436
FR;0;2020-07-28;0.0789689398024987;0.922297617693334;0.140058119649715;6.1029580647365;0.438054118904427
FR;0;2020-07-29;0.0879088197801401;0.955077177611352;0.140058119649715;6.06272860483712;0.436564138908153
FR;0;2020-07-30;0.0908887797726872;0.992326677518191;0.144528059638535;6.0299490449191;0.436564138908153
FR;0;2020-07-31;0.0923787597689607;1.00424651748838;0.15048797962363;5.96736988507561;0.43507415891188
FR;0;2020-08-01;0.0998286597503285;1.00275653749211;0.160917839597545;5.83178170541472;0.426134278934238
FR;0;2020-08-02;0.102808619742876;1.0087164574772;0.159427859601271;5.87946106529547;0.432094198919332
FR;0;2020-08-03;0.104298599739149;1.00722647748093;0.148997999627356;5.98822960502344;0.449973958874615
FR;0;2020-08-04;0.0983386797540549;1.0876853972797;0.153467939616177;5.98077970504207;0.454443898863436
FR;0;2020-08-05;0.0908887797726872;1.12344491719026;0.166877759582639;5.96885986507188;0.442524058893247
FR;0;2020-08-06;0.0908887797726872;1.14430463713809;0.172837679567733;5.97630976505325;0.452953918867162
FR;0;2020-08-07;0.0849288597875929;1.15175453711946;0.169857719575186;5.96140996509051;0.448483978878342
FR;0;2020-08-08;0.0789689398024987;1.17410423706357;0.171347699571459;5.93459032515759;0.452953918867162
FR;0;2020-08-09;0.0893987997764136;1.19794391700394;0.17581763956028;5.99716948500108;0.461893798844804
FR;0;2020-08-10;0.0864188397838665;1.22476355693687;0.172837679567733;6.10742800472532;0.461893798844804
FR;0;2020-08-11;0.0953587197615078;1.24115333689588;0.17581763956028;6.1089179847216;0.457423858855983
FR;0;2020-08-12;0.107278559731696;1.29479261676172;0.192207419519289;6.04782880487438;0.464873758837351
FR;0;2020-08-13;0.110258519724243;1.33055213667229;0.207107219482025;6.06123862484084;0.473813638814992
FR;0;2020-08-14;0.110258519724243;1.3469419166313;0.201147299496931;6.04931878487065;0.464873758837351
FR;0;2020-08-15;0.116218439709338;1.37227157656795;0.202637279493204;6.01504924495636;0.457423858855983
FR;0;2020-08-16;0.116218439709338;1.40654111648224;0.211577159470846;6.11487790470669;0.473813638814992
FR;0;2020-08-17;0.122178359694432;1.4199509364487;0.220517039448487;6.24301618438622;0.484243498788907
FR;0;2020-08-18;0.126648299683253;1.42442087643752;0.24286673939259;6.24301618438622;0.50212325874419
FR;0;2020-08-19;0.117708419705611;1.42889081642634;0.245846699385137;6.24152620438994;0.500633278747916
FR;0;2020-08-20;0.120688379698158;1.47210023631828;0.24286673939259;6.28622560427815;0.506593198733011
FR;0;2020-08-21;0.120688379698158;1.49146997626983;0.269686379325514;6.30112540424089;0.518513038703199
FR;0;2020-08-22;0.123668339690705;1.5048797962363;0.269686379325514;6.20576668447938;0.52298297869202
FR;0;2020-08-23;0.117708419705611;1.51530965621021;0.293526059265891;6.25195606436386;0.558742498602585
FR;0;2020-08-24;0.114728459713064;1.61364833596427;0.317365739206268;6.48439294378253;0.588542098528056
FR;0;2020-08-25;0.107278559731696;1.64344793588974;0.306935879232353;6.47396308380862;0.581092198546688
FR;0;2020-08-26;0.114728459713064;1.70453711573695;0.311405819221174;6.54399214363348;0.584072158539236
FR;0;2020-08-27;0.113238479716791;1.81032569547238;0.327795599180183;6.62594104342852;0.607911838479613
FR;0;2020-08-28;0.122178359694432;1.90717439523016;0.335245499161551;6.69895006324593;0.616851718457254
FR;0;2020-08-29;0.125158319686979;1.94740385512954;0.354615239113107;6.62892100342107;0.621321658446075
FR;0;2020-08-30;0.137078159657168;2.00998301497303;0.359085179101928;6.77046910306706;0.663041098341734
FR;0;2020-08-31;0.138568139653441;2.0904419347718;0.373984979064664;7.04909536237021;0.707740498229941
FR;0;2020-09-01;0.15048797962363;2.26029965434699;0.391864739019946;7.17723364204974;0.715190398211309
FR;0;2020-09-02;0.15048797962363;2.32585877418303;0.406764538982682;7.19511340200502;0.731580178170318
FR;0;2020-09-03;0.160917839597545;2.41525757395944;0.427624258930512;7.39477072150568;0.768829678077157
FR;0;2020-09-04;0.163897799590092;2.58809525352717;0.46040381884853;7.5288689211703;0.803099217991449
FR;0;2020-09-05;0.166877759582639;2.76391289308745;0.485733478785181;7.60634788097652;0.822468957943005
FR;0;2020-09-06;0.169857719575186;2.87268143281542;0.484243498788907;7.78365550053308;0.855248517861024
FR;0;2020-09-07;0.180287579549101;3.12895799217448;0.534902818662208;8.31259839921019;0.944647317637437
FR;0;2020-09-08;0.189227459526742;3.26752613182792;0.579602218550415;8.43924669889344;0.977426877555455
FR;0;2020-09-09;0.207107219482025;3.39715439150372;0.606421858483339;8.58079479853943;1.01169641746975
FR;0;2020-09-10;0.210087179474572;3.55658225110499;0.607911838479613;8.81025171796556;1.02808619742876
FR;0;2020-09-11;0.22200701944476;3.78752915052739;0.669001018326829;9.14102727713829;1.11897497720144
FR;0;2020-09-12;0.23839679940377;3.95291693011376;0.692840698267205;9.25426575685508;1.13983469714927
FR;0;2020-09-13;0.241376759396317;4.0408257498939;0.739030078151686;9.47031285631475;1.18602407703375
FR;0;2020-09-14;0.265216439336694;4.13469448965913;0.734560138162865;10.0514050548614;1.25903309685116
FR;0;2020-09-15;0.274156319314335;4.395440989007;0.797139298006355;10.370260774064;1.34545193663502
FR;0;2020-09-16;0.295016039262165;4.74707626812756;0.855248517861024;10.7248760131771;1.38568139653441
FR;0;2020-09-17;0.324815639187636;4.96163338759096;0.908887797726872;10.9647627925771;1.41548099645988
FR;0;2020-09-18;0.357595199105654;5.12702116717732;0.92080763769706;11.2836185117797;1.46465033633691
FR;0;2020-09-19;0.375474959060937;5.18662036702826;0.961037097596446;10.4417798138851;1.48700003628101
FR;0;2020-09-20;0.396334679008767;5.38925764652147;1.02212627744366;10.5550182936019;1.57639883605743
FR;0;2020-09-21;0.41421443896405;5.56507528608175;1.08470543728715;11.0422417523834;1.69410725576304
FR;0;2020-09-22;0.442524058893247;5.62467448593269;1.11748499720517;11.0869411522716;1.75072649562143
FR;0;2020-09-23;0.449973958874615;5.63808430589915;1.13387477716418;11.2672287318207;1.81330565546492
FR;0;2020-09-24;0.461893798844804;5.71854322569792;1.17559421705984;11.5011555912356;1.87439483531214
FR;0;2020-09-25;0.464873758837351;5.75728270560104;1.19943389700022;11.7678620105686;1.94293391514072
FR;0;2020-09-26;0.475303618811266;5.7930422255116;1.20241385699276;11.6769732307959;1.94144393514445
FR;0;2020-09-27;0.512553118718105;5.68576366577991;1.18006415704866;11.8945103102518;1.98465335503638
FR;0;2020-09-28;0.52298297869202;5.80496206548179;1.22774351692941;12.6692999083141;2.1470611746302
FR;0;2020-09-29;0.534902818662208;5.91224062521349;1.2113537369704;12.7318790681576;2.13514133466001
FR;0;2020-09-30;0.551292598621217;6.04782880487438;1.24264331689215;12.9270664476694;2.17388081456312
FR;0;2020-10-01;0.549802618624944;6.1595773045949;1.25605313685861;13.1952628469986;2.19176057451841
FR;0;2020-10-02;0.5691723585765;6.26983582431914;1.25754311685488;13.5051786862236;2.23348001441407
FR;0;2020-10-03;0.573642298565321;6.4918428437639;1.30373249673937;13.4917688662571;2.26327961433954
FR;0;2020-10-04;0.573642298565321;6.62892100342107;1.30224251674309;13.8314843054075;2.32287881419048
FR;0;2020-10-05;0.582582178542962;6.69597010325338;1.29330263676545;14.6554432433467;2.44803713387746
FR;0;2020-10-06;0.59003207852433;6.9373468626497;1.31714231670583;14.9474793226164;2.43909725389982
FR;0;2020-10-07;0.651121258371546;7.13104426216526;1.32310223669092;15.2544152018487;2.42717741392963
FR;0;2020-10-08;0.663041098341734;7.478209601297;1.36035173659776;15.7982579004886;2.48379665378802
FR;0;2020-10-09;0.67794089830447;7.87156432031322;1.39313129651578;16.351040479106;2.5135962537135
FR;0;2020-10-10;0.718170358203856;8.13827073964619;1.41548099645988;16.4702388788079;2.52849605367623
FR;0;2020-10-11;0.742010038144233;8.43179679891208;1.45720043635554;16.9470324776155;2.60746499347873
FR;0;2020-10-12;0.785219458036166;9.0784481172948;1.55106917612078;18.3803932340306;2.81606219295703
FR;0;2020-10-13;0.838858737902014;9.60143109598682;1.6345080559121;19.0181046724357;2.89354115276325
FR;0;2020-10-14;0.828428877928099;10.2197727944403;1.77903611555063;19.6602860508296;3.03359927241297
FR;0;2020-10-15;0.92080763769706;10.6950764132516;1.86098501534568;20.4216658289254;3.11703815220429
FR;0;2020-10-16;0.999776577499559;11.4445363513772;1.9667735950811;21.5570305860859;3.20047703199561
FR;0;2020-10-17;1.06682567733187;12.0792678297898;2.06362229483888;22.0576638648338;3.30626561173103
FR;0;2020-10-18;1.12493489718654;12.7005894882358;2.19325055451468;22.9963512624861;3.45377363136211
FR;0;2020-10-19;1.21880363695177;13.5126285862049;2.31542891420911;25.0912631372468;3.76517945058329
FR;0;2020-10-20;1.31416235671328;14.5615745035815;2.46591689383274;26.3964856139824;3.8828878702889
FR;0;2020-10-21;1.43485073641144;15.6164803409432;2.51061629372095;27.8253764304087;3.97824659005041
FR;0;2020-10-22;1.51530965621021;16.8427338778763;2.66408423333713;29.330256226645;4.13469448965913
FR;0;2020-10-23;1.60172849599408;17.990018475007;2.82202211294212;31.0735328222851;4.34627164912997
FR;0;2020-10-24;1.67175755581893;18.7215986531773;2.93973053264773;31.6427051808616;4.45802014885049
FR;0;2020-10-25;1.85055515537176;19.4084794314594;3.05743895235335;32.9449476976047;4.65916744834742
FR;0;2020-10-26;1.99657319500657;20.5349043086422;3.18110729204405;35.8593485703158;5.01676264745308
FR;0;2020-10-27;2.13812129465256;21.5495806861045;3.27199607181674;37.5415359861086;5.16576064708043
FR;0;2020-10-28;2.29456919426128;22.4152590639394;3.46420349133603;39.1358145821213;5.35647808660345
FR;0;2020-10-29;2.45995697384765;23.1140596821917;3.62810129092612;40.6198346584098;5.5904049460184
FR;0;2020-10-30;2.60597501348246;23.7338913606415;3.75027965062055;42.2483827943368;5.80943200547061
FR;0;2020-10-31;2.8458617928825;24.3999124189758;3.80093897049385;42.7534860130735;5.86307128533646
FR;0;2020-11-01;3.00677963248004;25.0569935973325;3.9335471901622;44.2583658093098;6.15212740461353
FR;0;2020-11-02;3.2287866519248;25.9524715750929;4.0914850697672;47.6957496607129;6.58422160353286
FR;0;2020-11-03;3.41950409144782;26.372645934042;4.1928037095138;48.8430342578436;6.75258934311177
FR;0;2020-11-04;3.52529267118324;26.6035928334644;4.2658127293312;49.7608619355481;6.93436690265715
FR;0;2020-11-05;3.68621051078079;26.7019315132185;4.30604218923059;50.5580012335545;7.15935388209446
FR;0;2020-11-06;3.84861833037461;26.7838804130135;4.34925160912252;51.3730202915161;7.33815148164728
FR;0;2020-11-07;3.94248707013984;26.6184926334272;4.45355020886167;50.5699210735246;7.38434086153176
FR;0;2020-11-08;4.06466542983427;26.3786058540271;4.40885080897346;51.5160583711583;7.54078876114049
FR;0;2020-11-09;4.11681472970385;26.0299505348991;4.36266142908898;54.4945283837092;7.89391402025732
FR;0;2020-11-10;4.2151534094579;25.816883395432;4.33286182916351;54.3485103440744;7.86262444033558
FR;0;2020-11-11;4.30306222923804;24.5250707386628;4.14363436963677;53.0224281473909;7.75087594061506
FR;0;2020-11-12;4.34180170914115;24.2509144193485;4.07658526980446;54.9221526426397;8.0190723399443
FR;0;2020-11-13;4.39097104901818;23.8322300403956;4.02592594993116;54.640546423344;8.01758235994803
FR;0;2020-11-14;4.38799108902563;23.4344053813906;3.87841793030008;53.0298780473723;7.77769558054798
FR;0;2020-11-15;4.34180170914115;22.6819654832724;3.75176963061682;53.2310253468692;7.77769558054798
FR;0;2020-11-16;4.28369248928649;21.6628191658213;3.58638185103046;55.3616967415404;7.9907627200151
FR;0;2020-11-17;4.15704418960323;20.5796037085304;3.41950409144782;54.1250133446333;7.78514548052935
FR;0;2020-11-18;4.14959428962186;20.6049333684671;3.34500509163414;53.0820273472419;7.59591802100261
FR;0;2020-11-19;4.1421443896405;19.591746971001;3.12448805218566;52.0733108897647;7.39626070150195
FR;0;2020-11-20;4.05870550984918;18.4623421338257;2.8741714128117;51.1405834120974;7.26514246182988
FR;0;2020-11-21;3.97973657004668;17.4610755763299;2.72666339318061;48.9786224375045;7.0103558824671
FR;0;2020-11-22;3.92311733018828;16.7488651381111;2.58213533354208;48.8102546979256;6.94926670261988
FR;0;2020-11-23;3.91268747021437;15.7535585006004;2.44654715388119;50.1169671546575;7.0163158024522
FR;0;2020-11-24;3.96036683009512;15.0547578823481;2.31393893421284;48.524178538641;6.71235988321239
FR;0;2020-11-25;3.87990791029635;14.4215163839318;2.19921047449977;47.1429670820954;6.46204324383843
FR;0;2020-11-26;3.80093897049385;13.7599652655863;2.0680922348277;46.0642215647934;6.22513642443093
FR;0;2020-11-27;3.71601011070626;13.2861516267713;1.99061327502148;45.1106343671783;6.05527870485575
FR;0;2020-11-28;3.71005019072117;12.9762357875464;1.90419443523761;43.3867275114898;5.80943200547061
FR;0;2020-11-29;3.61469147095966;12.837667647893;1.8654549553345;43.3584178915606;5.77814242554887
FR;0;2020-11-30;3.52678265117952;12.5962908884967;1.76860625557672;44.5846714284937;5.84817148537372
FR;0;2020-12-01;3.3867245315298;12.2997848692382;1.72241687569224;43.5014559712029;5.62616446592896
FR;0;2020-12-02;3.32712533167886;12.1433369696295;1.69112729577049;42.5329689736251;5.42799712642458
FR;0;2020-12-03;3.23623655190617;12.1582367695923;1.65238781586738;41.9980661549628;5.27303920681213
FR;0;2020-12-04;3.21090689196952;12.1835664295289;1.60768841597917;41.4527334763267;5.13298108716241
FR;0;2020-12-05;3.14683775212976;12.1925063095065;1.60768841597917;40.1937003794756;4.94822356762449
FR;0;2020-12-06;3.11852813220056;12.2491255493649;1.59576857600898;40.4052775389464;4.92289390768784
FR;0;2020-12-07;3.09766841225273;12.1612167295848;1.60321847599035;41.6509008158311;5.05103218736737
FR;0;2020-12-08;3.01869947245023;12.0852277497748;1.59576857600898;40.9193206376608;4.88117446779218
FR;0;2020-12-09;2.96357021258811;12.0241385699276;1.60768841597917;40.2488296393377;4.79475562800832
FR;0;2020-12-10;2.97847001255085;11.8691806503152;1.60470845598662;39.7243566806494;4.66512736833252
FR;0;2020-12-11;2.98889987252476;11.7470022906207;1.66430765583757;39.2460731018456;4.57870852854865
FR;0;2020-12-12;2.95165037261792;11.8364010903972;1.69708721575559;38.2358666643721;4.47589990880577
FR;0;2020-12-13;2.8965211127558;11.7425323506319;1.6851673757854;38.3803947240106;4.48781974877596
FR;0;2020-12-14;2.80861229297566;11.9466596101214;1.69708721575559;39.9165641001687;4.63085782841822
FR;0;2020-12-15;2.85331169286387;12.064368029827;1.7075170757295;39.4025210014543;4.58019850854492
FR;0;2020-12-16;2.85182171286759;12.0703279498121;1.69261727576676;38.8258987428964;4.4744099288095
FR;0;2020-12-17;2.76838283307627;12.0956576097488;1.7358266956587;38.4489338038392;4.41630070895483
FR;0;2020-12-18;2.74603313313217;12.0718179298084;1.70155715574441;38.0198195649124;4.3671313690778
FR;0;2020-12-19;2.71474355321043;12.0435083098792;1.68218741579285;36.9127644276812;4.237503109402
FR;0;2020-12-20;2.73411329316198;12.0733079098047;1.68665735578167;37.1303015071371;4.28518246928276
FR;0;2020-12-21;2.76242291309118;11.8557708303487;1.6345080559121;38.3803947240106;4.38948106902191
FR;0;2020-12-22;2.79669245300547;11.8602407703375;1.65983771584875;37.9408506251099;4.34329168913743
FR;0;2020-12-23;2.80414235298684;11.7887217305164;1.66281767584129;37.2852594267496;4.25687284935356
FR;0;2020-12-24;2.82053213294585;11.5503249311126;1.63301807591582;36.2720730292835;4.12724458967776
FR;0;2020-12-25;2.73262331316571;10.6354772134007;1.56745895607979;34.8595719928162;4.01549608995724
FR;0;2020-12-26;2.76242291309118;10.4313499539112;1.58235875604252;35.3780850315194;4.10787484972621
FR;0;2020-12-27;2.82500207293467;10.452209673859;1.61364833596427;35.6149918509269;4.14661432962932
FR;0;2020-12-28;2.81904215294958;10.5803479535385;1.67324753581521;36.9366041076216;4.29859228924922
FR;0;2020-12-29;2.78328263303901;10.5252186936764;1.64344793588974;36.9306441876365;4.21813336945045
FR;0;2020-12-30;2.78477261303528;10.5967377334976;1.65238781586738;36.7324768481321;4.14512434963304
FR;0;2020-12-31;2.75497301310981;10.6950764132516;1.67473751581148;36.2333335493804;4.05870550984918
FR;0;2021-01-01;2.75199305311727;10.8232146929311;1.70006717574813;35.1933275119815;3.97228667006531
FR;0;2021-01-02;2.70729365322906;10.969232732566;1.69708721575559;35.8191191104164;4.06168546984172
FR;0;2021-01-03;2.60001509349736;11.1584601920927;1.71645695570714;36.3063425691978;4.12873456967403
FR;0;2021-01-04;2.60597501348246;11.2106094919623;1.7298667756736;37.7501331855869;4.28369248928649
FR;0;2021-01-05;2.57468543356071;11.4043068914778;1.74923651562516;37.5951752659745;4.1928037095138
FR;0;2021-01-06;2.53296599366505;11.5682046910679;1.7641363155879;37.3835981065036;4.11830470970012
FR;0;2021-01-07;2.51657621370604;11.8796105102891;1.80585575548355;37.1764908870216;4.12426462968521
FR;0;2021-01-08;2.5359459536576;12.8123379879563;1.87588481530841;37.0900720472377;4.11532474970757
FR;0;2021-01-09;2.57021549357189;12.9970955074943;1.90866437522643;36.427030948896;4.07807524980073
FR;0;2021-01-10;2.59107521351972;12.8451175478744;1.88333471528978;36.7309868681358;4.12128466969267
FR;0;2021-01-11;2.58958523352345;12.9285564276657;1.86843491532704;38.3163255841709;4.26283276933866
FR;0;2021-01-12;2.56872551357562;13.1386436071403;1.95336377511464;38.338675284115;4.27326262931257
FR;0;2021-01-13;2.5866052735309;13.5245484261751;1.98763331502893;38.5979318034666;4.32541192918214
FR;0;2021-01-14;2.65067441337066;13.8001947254857;2.00402309498794;38.7573596630678;4.32541192918214
FR;0;2021-01-15;2.70878363322533;14.1428901246286;2.08746197477926;38.9331773026281;4.37607124905545
FR;0;2021-01-16;2.69090387327005;14.324667684174;2.13067139467119;38.3044057442007;4.33435180915979
FR;0;2021-01-17;2.72815337317689;14.5079352237157;2.19027059452213;38.720110163161;4.42971052892129
FR;0;2021-01-18;2.74305317313962;14.8357308228958;2.24986979437308;40.5617254385551;4.62936784842195
FR;0;2021-01-19;2.80861229297566;15.081577522281;2.29158923426874;40.6436743383502;4.65916744834742
FR;0;2021-01-20;2.89205117276698;15.1918360420052;2.36161829409359;40.8731312577763;4.68598708828035
FR;0;2021-01-21;2.97995999254712;15.3557338415953;2.44356719388864;41.1145080171726;4.75452616810893
FR;0;2021-01-22;3.0768086923049;15.4749322412972;2.43313733391472;41.3275751566397;4.77985582804558
FR;0;2021-01-23;3.15279767211485;15.6149903609469;2.48975657377312;40.7926723379775;4.77389590806049
FR;0;2021-01-24;3.24517643188381;15.8086877604625;2.51508623370977;41.3037354766994;4.85137486786671
FR;0;2021-01-25;3.31818545170122;15.9189462801867;2.62534475343401;43.0917114722276;5.13447106715869
FR;0;2021-01-26;3.35990489159688;15.8682869603134;2.66408423333713;42.9948627724699;5.15682076710279
FR;0;2021-01-27;3.38076461154471;15.6120104009544;2.65663433335576;42.7743457330214;5.11957126719595
FR;0;2021-01-28;3.38374457153726;15.5658210210699;2.61789485345264;42.6506773933307;5.08977166727048
FR;0;2021-01-29;3.42546401143291;15.4838721212748;2.61789485345264;42.5955481334685;5.10914140722204
FR;0;2021-01-30;3.45675359135466;15.4093731214612;2.59256519351599;41.7343396956224;5.03464240740836
FR;0;2021-01-31;3.42844397142546;15.41384306145;2.58511529353463;42.2379529343629;5.07040192731892
FR;0;2021-02-01;3.48208325129131;15.4689723213121;2.5642555735868;44.0020892499508;5.33412838665935
FR;0;2021-02-02;3.50592293123169;15.6120104009544;2.51657621370604;43.8054118904427;5.33263840666307
FR;0;2021-02-03;3.50592293123169;15.7043891607233;2.5076363337284;43.4582465513109;5.29240894676369
FR;0;2021-02-04;3.45228365136584;15.7177989806898;2.55084575362034;43.2198497519072;5.29836886674878
FR;0;2021-02-05;3.31967543169749;15.5255915611705;2.5582956536017;42.7683858130363;5.28346906678604
FR;0;2021-02-06;3.30626561173103;15.4928120012525;2.5642555735868;41.7462595355926;5.23876966689784
FR;0;2021-02-07;3.30626561173103;15.4019232214798;2.60448503348618;42.0964048347169;5.32816846667425
FR;0;2021-02-08;3.25411631186145;15.0264482624189;2.59405517351227;43.5342355311209;5.55911536609665
FR;0;2021-02-09;3.257096271854;14.6360735033952;2.60597501348246;42.8473547528388;5.49206626626434
FR;0;2021-02-10;3.25858625185028;14.3052979442224;2.61938483344892;42.1887835944859;5.41905724644694
FR;0;2021-02-11;3.26752613182792;13.9030033452286;2.608954973475;41.4274038163901;5.42203720643949
FR;0;2021-02-12;3.29434577176084;13.7733750855528;2.62385477343774;40.8016122179552;5.39670754650283
FR;0;2021-02-13;3.2630561918391;13.5260384061714;2.61342491346382;39.5395991611115;5.33710834665189
FR;0;2021-02-14;3.23176661191735;13.3293610466633;2.59554515350854;39.7064769206941;5.41309732646184
FR;0;2021-02-15;3.17663735205523;13.2250624469241;2.5642555735868;41.138347697113;5.61722458595132
FR;0;2021-02-16;3.10064837224528;13.0507347873601;2.54190587364269;40.1326111996283;5.55315544611156
FR;0;2021-02-17;3.04700909237943;13.120763847185;2.55382571361288;39.7124368406792;5.5114360062159
FR;0;2021-02-18;3.01273955246514;13.1133139472036;2.57915537354953;39.1477344220915;5.52782578617491
FR;0;2021-02-19;2.99187983251731;12.9687858875651;2.55531569360916;38.6202815034107;5.47269652631279
FR;0;2021-02-20;2.9471804326291;13.1133139472036;2.58511529353463;37.6428546258552;5.41309732646184
FR;0;2021-02-21;2.89354115276325;13.2801917067862;2.58511529353463;38.0540891048267;5.4607766863426
FR;0;2021-02-22;2.81904215294958;13.3383009266409;2.61789485345264;39.6111182009326;5.67682378580226
FR;0;2021-02-23;2.77583273305764;13.3025414067303;2.60746499347873;39.0285360223896;5.6693738858209
FR;0;2021-02-24;2.71474355321043;13.1893029270136;2.63130467341911;38.5681322035411;5.64255424588797
FR;0;2021-02-25;2.69090387327005;13.2444321868757;2.62832471342656;38.2194768844131;5.60828470597368
FR;0;2021-02-26;2.67153413331849;13.2995614467378;2.73113333316944;37.7620530255571;5.69321356576127
FR;0;2021-02-27;2.66706419332967;13.3532007266036;2.75944295309863;36.9440540076029;5.65149412586561
FR;0;2021-02-28;2.69090387327005;13.3055213667229;2.80861229297566;37.3061191466974;5.74983280561967
FR;0;2021-03-01;2.74305317313962;13.2414522268831;2.87119145281915;38.7350099631238;5.97779974504952
FR;0;2021-03-02;2.78775257302783;13.3636305865776;2.9471804326291;38.0972985247187;5.97630976505325
FR;0;2021-03-03;2.83245197291604;13.4962388062459;2.95612031260674;37.8618816853074;5.99269954501226
FR;0;2021-03-04;2.78775257302783;13.5394482261378;3.03806921240179;37.6652043257993;6.04186888488929
FR;0;2021-03-05;2.71921349319925;13.5975574459925;3.03210929241669;37.4431973063546;6.09699814475141
FR;0;2021-03-06;2.69537381325887;13.4679291863167;3.04104917239434;36.5700690285383;6.07315846481103
FR;0;2021-03-07;2.6596142933483;13.5215684661826;3.00230969249122;36.9842834675023;6.15510736460608
FR;0;2021-03-08;2.61193493346755;13.5692478260633;3.00677963248004;38.4981031437162;6.42628372392786
FR;0;2021-03-09;2.52104615369486;13.4872989262683;3.03657923240552;38.0630289848044;6.43969354389433
FR;0;2021-03-10;2.50018643374703;13.4187598464397;3.07233875231608;37.6175249659186;6.41734384395022
FR;0;2021-03-11;2.4852866337843;13.5871275860186;3.10958825222292;37.4700169462875;6.50376268373409
FR;0;2021-03-12;2.52253613369114;13.6169271859441;3.14236781214094;37.2718496067831;6.58571158352914
FR;0;2021-03-13;2.51806619370232;13.959622585087;3.16769747207759;36.5655990885494;6.52164244368937
FR;0;2021-03-14;2.48677661378057;14.1965294044945;3.29583575175712;37.1958606269732;6.69001018326828
FR;0;2021-03-15;2.46591689383274;14.5258149836709;3.28987583177202;39.0330059623785;6.9313869426646
FR;0;2021-03-16;2.5135962537135;14.7746416430486;3.3137155117124;38.7886492429896;6.88519756278012
FR;0;2021-03-17;2.51210627371722;15.1426667021282;3.3926844515149;38.7752394230231;6.94479676263106
FR;0;2021-03-18;2.53445597366133;15.3467939616177;3.43142393141801;38.8765580627697;6.99545608250437
FR;0;2021-03-19;2.54786579362779;15.9472559001159;3.53423255116088;39.1417745021064;7.04015548239257
FR;0;2021-03-20;2.52998603367251;16.0917839597545;3.6236313509373;38.594951843474;7.07144506231432
FR;0;2021-03-21;2.61342491346382;16.2497218393594;3.63555119090749;39.2669328217934;7.25769256184851
FR;0;2021-03-22;2.61342491346382;16.5238781586738;3.73537985065782;41.2500961968335;7.55419858110695
FR;0;2021-03-23;2.58958523352345;17.0647408973211;3.84414839038578;41.3931342764758;7.61826772094671
FR;0;2021-03-24;2.56574555358307;17.2643982168217;3.87841793030008;41.2992655367105;7.65700720084983
FR;0;2021-03-25;2.59703513350482;17.706922275715;3.94695701012866;41.6389809758609;7.75832584059643
FR;0;2021-03-26;2.60746499347873;17.8514503353535;4.02145600994234;42.0204158549069;7.810475140466
FR;0;2021-03-27;2.64769445337812;18.0823972347759;4.08701512977838;41.4735931962745;7.83282484041011
FR;0;2021-03-28;2.59256519351599;18.213515474448;4.06764538982682;42.1485541345865;7.92371362018279
FR;0;2021-03-29;2.63577461340793;18.5696206935574;4.1928037095138;44.4133237289223;8.34090801913939
FR;0;2021-03-30;2.72964335317316;18.6515695933524;4.237503109402;44.2330361493732;8.33643807915057
FR;0;2021-03-31;2.8175521729533;18.8959263127413;4.32988186917097;44.0601984698054;8.35431783910585
FR;0;2021-04-01;2.85778163285269;19.0076748124618;4.43418046891011;44.2315461693769;8.46755631882264
FR;0;2021-04-02;2.89354115276325;19.1998822319811;4.44461032888403;44.34627462909;8.55397515860651
FR;0;2021-04-03;2.96655017258066;19.3920896515004;4.49526964875733;43.6608838308041;8.53460541865495
FR;0;2021-04-04;3.02763935242787;19.6945555907439;4.63979770839587;44.2285662093844;8.71638297820033
FR;0;2021-04-05;3.0544589923608;19.0136347324469;4.56231874858964;45.5561383860641;8.96520963757801
FR;0;2021-04-06;3.06935879232353;19.259481431832;4.62191794844058;47.5542015610669;9.27363549680664
FR;0;2021-04-07;3.07084877231981;19.1998822319811;4.67406724831016;46.7853718829898;9.28555533677683
FR;0;2021-04-08;3.05892893234962;19.1238932521711;4.61297806846294;46.3875472239847;9.264695616829
FR;0;2021-04-09;3.12150809219311;19.1581627920854;4.6606574283437;46.1744800845176;9.31386495670603
FR;0;2021-04-10;3.09915839224901;19.2892810317575;4.61744800845176;45.2492025068317;9.22595613692588
FR;0;2021-04-11;3.12001811219684;19.193922311996;4.58019850854492;45.8913838852257;9.35260443660914
FR;0;2021-04-12;3.13044797217075;19.634956390893;4.63085782841822;47.7478989605825;9.67742007579677
FR;0;2021-04-13;3.11256821221547;19.2013722119774;4.57274860856356;47.0893278022296;9.59249121600918
FR;0;2021-04-14;3.06488885233471;19.2445816318693;4.51612936870516;46.5946544434668;9.49713249624767
FR;0;2021-04-15;3.08872853227509;19.0821738122755;4.51761934870144;46.214709544417;9.45988299634083
FR;0;2021-04-16;3.04700909237943;18.703718893222;4.40289088898837;45.8735041252704;9.439023276393
FR;0;2021-04-17;3.02167943244278;18.4340325138965;4.41034078896974;44.8811774477522;9.2870453167731
FR;0;2021-04-18;2.99187983251731;18.2388451343846;4.34776162912625;45.3862806664889;9.33621465665013
FR;0;2021-04-19;3.04551911238316;18.2939743942468;4.40289088898837;47.3724240015216;9.71764953569616
FR;0;2021-04-20;3.04253915239061;18.3327138741499;4.39395100901073;46.780901943001;9.57908139604272
FR;0;2021-04-21;3.07531871230863;18.1464663746157;4.37160130906663;46.2012997244506;9.56418159607998
FR;0;2021-04-22;3.04253915239061;17.8708200753051;4.34180170914115;45.6634169457958;9.52842207616942
FR;0;2021-04-23;2.97400007256203;17.7575815955883;4.31200210921568;45.2626123267982;9.44945313636692
FR;0;2021-04-24;2.9978397525024;17.4268060364156;4.24793296937592;44.063178429798;9.31833489669484
FR;0;2021-04-25;2.98591991253221;17.200329076982;4.21068346946908;44.3120050891757;9.35856435659423
FR;0;2021-04-26;2.93079065267009;16.7414152381297;4.02443596993489;45.8705241652778;9.54779181612097
FR;0;2021-04-27;2.93824055265146;16.3108110192067;3.92460731018456;44.9586564075584;9.33025473666503
FR;0;2021-04-28;2.9188708126999;15.8459372603693;3.81732875045286;44.0214589899023;9.22595613692588
FR;0;2021-04-29;2.85927161284896;15.3780835415394;3.62810129092612;43.1349208921196;9.02033889744013
FR;0;2021-04-30;2.84735177287877;14.9772789225418;3.57893195104909;42.5657485335431;8.87134089781278
FR;0;2021-05-01;2.75199305311727;14.5213450436821;3.42099407144409;40.8969709377167;8.57185491856179
FR;0;2021-05-02;2.69090387327005;14.1860995445206;3.33904517164905;41.1130180371764;8.57930481854316
FR;0;2021-05-03;2.608954973475;13.5141185662012;3.19302713201424;42.1485541345865;8.69850321824504
FR;0;2021-05-04;2.50465637373585;12.8749171477998;3.04700909237943;40.7077434781899;8.41391703895679
FR;0;2021-05-05;2.39886779400043;12.2148560094506;2.92185077269245;39.3414318216071;8.22915951941887
FR;0;2021-05-06;2.41376759396317;11.8542808503524;2.82053213294585;38.2373566443684;7.95947314009336
FR;0;2021-05-07;2.38247801404142;11.1376004721449;2.65812431335203;37.0006732474613;7.71362644070822
FR;0;2021-05-08;2.33777861415322;10.7740453530541;2.57915537354953;35.3944748114784;7.40967052146841
FR;0;2021-05-09;2.32287881419048;10.4492297138665;2.43760727390354;35.3959647914747;7.3485813416212
FR;0;2021-05-10;2.26625957433209;10.1005743947385;2.37949805404888;36.2020439694587;7.3992406614945
FR;0;2021-05-11;2.18580065453331;9.53587197615079;2.23348001441407;34.5898856134907;7.07293504231059
FR;0;2021-05-12;2.11726157470473;9.09036795726499;2.09491187476063;33.1893044169936;6.81814846294781
FR;0;2021-05-13;1.96081367509601;8.29918857924373;1.93548401515935;31.4981771212231;6.48886288377135
FR;0;2021-05-14;1.84906517537549;7.90732384022378;1.84161527539412;31.6918745207386;6.48737290377508
FR;0;2021-05-15;1.75668641560653;7.58548816102869;1.76860625557672;30.3300328041446;6.22364644443466
FR;0;2021-05-16;1.60172849599408;7.25471260185596;1.7298667756736;30.2406340043682;6.17596708455391
FR;0;2021-05-17;1.5212695761953;6.84794806287328;1.60321847599035;30.8545057628329;6.22364644443466
FR;0;2021-05-18;1.47210023631828;6.56932180357013;1.58384873603879;29.5463033261047;5.92714042517622
FR;0;2021-05-19;1.38270143654186;6.3622145840881;1.52871947617667;28.3632592090635;5.71258330571283
FR;0;2021-05-20;1.3469419166313;6.32347510418499;1.55702909610587;27.3441128916124;5.49653620625316
FR;0;2021-05-21;1.31714231670583;6.09997810474396;1.49295995626611;26.4963142737327;5.28942898677114
FR;0;2021-05-22;1.29926255675054;5.98822960502344;1.45571045635927;25.2268513169076;5.04954220737109
FR;0;2021-05-23;1.296282596758;5.7990021454967;1.41548099645988;25.0048442974629;5.00484280748289
FR;0;2021-05-24;1.24860323687724;5.36243800658854;1.33651205665738;25.1642721570642;4.97802316754996
FR;0;2021-05-25;1.1949639570114;5.10169150724067;1.2903226767729;25.250690996848;4.98249310753879
FR;0;2021-05-26;1.18155413704493;4.97504320755742;1.29181265676918;24.1048963797137;4.80816544797478
FR;0;2021-05-27;1.15026455712319;4.87223458781454;1.25754311685488;23.1378993621321;4.6323478084145
FR;0;2021-05-28;1.08321545729088;4.67257726831388;1.1949639570114;22.1902720845021;4.4520602288654
FR;0;2021-05-29;1.04447597738777;4.5250692486828;1.15175453711946;21.1502660471032;4.24644298937965
FR;0;2021-05-30;1.00573649748465;4.39842094899955;1.11897497720144;21.0251077274162;4.21366342946163
FR;0;2021-05-31;0.975936897559182;4.41034078896974;1.13536475716045;21.3812129465256;4.25091292936847
FR;0;2021-06-01;0.923787597689607;4.34329168913743;1.08619541728343;20.6347329683925;4.02741592992743
FR;0;2021-06-02;0.870148317823759;4.20919348947281;0.998286597503285;19.8882529902595;3.90374759023673
FR;0;2021-06-03;0.829918857924373;3.99016643002059;0.94166735764489;19.2356417518917;3.79795901050131
FR;0;2021-06-04;0.785219458036166;3.89033777027027;0.923787597689607;18.5904804135052;3.66982073082178
FR;0;2021-06-05;0.727110238181497;3.71005019072117;0.898457937752957;17.8440004353722;3.5446624111348
FR;0;2021-06-06;0.691350718270932;3.59979167099692;0.871638297820033;17.7322519356516;3.51486281120933
FR;0;2021-06-07;0.642181378393904;3.44632373138074;0.823958937939279;17.9825685750256;3.53423255116088
FR;0;2021-06-08;0.607911838479613;3.28689587177947;0.78670943803244;17.2778080367882;3.36884477157452
FR;0;2021-06-09;0.621321658446075;3.05892893234962;0.74498999813678;16.6877759582639;3.21686681195462
FR;0;2021-06-10;0.595991998509424;2.93973053264773;0.712210438218762;16.0530444798513;3.08276861229
FR;0;2021-06-11;0.584072158539236;2.76391289308745;0.667511038330555;15.5479412611146;2.9471804326291
FR;0;2021-06-12;0.564702418587679;2.67451409331104;0.645161338386452;14.9042699027244;2.82649205293094
FR;0;2021-06-13;0.530432878673387;2.608954973475;0.613871758464707;14.8431807228772;2.80563233298311
FR;0;2021-06-14;0.511063138721831;2.434627313911;0.567682378580226;15.005588542471;2.82798203292722
FR;0;2021-06-15;0.499143298751643;2.27966939429855;0.52298297869202;14.4751556637976;2.67153413331849
FR;0;2021-06-16;0.446993998882068;2.16494093458548;0.514043098714378;13.9119432252062;2.57766539355326
FR;0;2021-06-17;0.441034078896974;2.01445295496185;0.488713438777728;13.3681005265664;2.47783673380293
FR;0;2021-06-18;0.415704418960323;1.86396497533822;0.464873758837351;12.8719371878073;2.35267841411595
FR;0;2021-06-19;0.415704418960323;1.7641363155879;0.430604218923059;12.396633568996;2.24688983438053
FR;0;2021-06-20;0.412724458967776;1.67771747580403;0.39335471901622;12.3564041090966;2.21113031446996
FR;0;2021-06-21;0.402294598993861;1.5778888160537;0.381434879046031;12.4517628288581;2.21709023445506
FR;0;2021-06-22;0.37249499906839;1.51232969621766;0.371005019072117;12.0122187299574;2.08448201478671
FR;0;2021-06-23;0.365045099087022;1.43038079642262;0.341205419146645;11.6471736308704;2.02935275492459
FR;0;2021-06-24;0.338225459154098;1.38866135652696;0.314385779213721;11.2404090918877;1.93697399515563
FR;0;2021-06-25;0.320345699198815;1.35737177660521;0.299485979250986;10.8634441528305;1.83565535540903
FR;0;2021-06-26;0.311405819221174;1.30075253674682;0.278626259303156;10.4998890337398;1.77009623557299
FR;0;2021-06-27;0.308425859228627;1.2679729768288;0.283096199291976;10.4596595738404;1.74476657563634
FR;0;2021-06-28;0.286076159284524;1.23668339690705;0.259256519351599;10.51180887371;1.73284673566615
FR;0;2021-06-29;0.274156319314335;1.18751405703003;0.245846699385137;10.2227527544329;1.63748801590464
FR;0;2021-06-30;0.250316639373958;1.17857417705239;0.244356719388864;9.98882589501795;1.60321847599035
FR;0;2021-07-01;0.233926859414949;1.13089481717163;0.233926859414949;9.70721967572224;1.54659923613196
FR;0;2021-07-02;0.244356719388864;1.12493489718654;0.235416839411223;9.44349321638182;1.50338981624002
FR;0;2021-07-03;0.232436879418675;1.09960523724989;0.23839679940377;9.14251725713456;1.4482605563779
FR;0;2021-07-04;0.205617239485751;1.08619541728343;0.232436879418675;9.12761745717183;1.43187077641889
FR;0;2021-07-05;0.211577159470846;1.06384571733932;0.232436879418675;9.21552627695197;1.44975053637417
FR;0;2021-07-06;0.219027059452213;1.03255613741758;0.239886779400043;8.94583989762645;1.38568139653441
FR;0;2021-07-07;0.227966939429855;1.02808619742876;0.241376759396317;8.79237195801028;1.33204211666856
FR;0;2021-07-08;0.229456919426128;1.04596595738404;0.24286673939259;8.61506433845372;1.28436275678781
FR;0;2021-07-09;0.213067139467119;1.0653356973356;0.247336679381411;8.47053627881519;1.25754311685488
FR;0;2021-07-10;0.207107219482025;1.10258519724243;0.260746499347873;8.27683887929963;1.25158319686979
FR;0;2021-07-11;0.214557119463393;1.14132467714555;0.271176359321788;8.3066384792251;1.26201305684371
FR;0;2021-07-12;0.199657319500657;1.19794391700394;0.287566139280797;8.43775671889717;1.28585273678408
FR;0;2021-07-13;0.189227459526742;1.28734271678036;0.289056119277071;8.33345811915802;1.25009321687352
FR;0;2021-07-14;0.168367739578912;1.30224251674309;0.290546099273344;8.20382985948222;1.20390383698904
FR;0;2021-07-15;0.153467939616177;1.38419141653814;0.312895799217448;8.34388797913194;1.23221345691823
FR;0;2021-07-16;0.15495791961245;1.4482605563779;0.320345699198815;8.26342905933316;1.20390383698904
FR;0;2021-07-17;0.153467939616177;1.57192889606861;0.333755519165277;8.20233987948595;1.16516435708592
FR;0;2021-07-18;0.140058119649715;1.66132769584502;0.366535079083296;8.30216853923628;1.19943389700022
FR;0;2021-07-19;0.147508019631082;1.81032569547238;0.396334679008767;8.57930481854316;1.24711325688097
FR;0;2021-07-20;0.143038079642262;1.94293391514072;0.432094198919332;8.60761443847236;1.23817337690333
FR;0;2021-07-21;0.146018039634809;2.19921047449977;0.488713438777728;8.68509339827858;1.26052307684743
FR;0;2021-07-22;0.156447899608724;2.39290787401534;0.52298297869202;8.79833187799537;1.27691285680644
FR;0;2021-07-23;0.165387779586365;2.61938483344892;0.576622258557868;8.91008037771589;1.30969241672446
FR;0;2021-07-24;0.178797599552827;2.79371249301293;0.624301618438622;8.93690001764881;1.33800203665366
FR;0;2021-07-25;0.195187379511836;3.10064837224528;0.688370758278385;9.264695616829;1.42144091644498
FR;0;2021-07-26;0.189227459526742;3.37033475157079;0.730090198174044;9.77575875555083;1.50934973622512
FR;0;2021-07-27;0.22200701944476;3.71601011070626;0.782239498043619;10.0111755949621;1.56298901609096
FR;0;2021-07-28;0.24286673939259;3.96483677008394;0.83289881791692;10.2272226944217;1.6061984359829
FR;0;2021-07-29;0.248826659377685;4.36415140908526;0.955077177611352;10.5237287136802;1.7298667756736
FR;0;2021-07-30;0.259256519351599;4.69641694825426;1.06235573734305;10.8232146929311;1.83565535540903
FR;0;2021-07-31;0.278626259303156;4.99888288749779;1.12791485717909;10.969232732566;1.89525455525997
FR;0;2021-08-01;0.314385779213721;5.13596104715496;1.18155413704493;11.2597788318393;2.01296297496558
FR;0;2021-08-02;0.356105219109381;5.46375664633515;1.29330263676545;11.9809291500357;2.17984073454822
FR;0;2021-08-03;0.391864739019946;5.78112238554141;1.39611125650833;12.2744552093016;2.26476959433581
FR;0;2021-08-04;0.421664338945418;6.05527870485575;1.46614031633318;12.4964622287463;2.3333086741644
FR;0;2021-08-05;0.464873758837351;6.24301618438622;1.50785975622884;12.7989281679899;2.43611729390727
FR;0;2021-08-06;0.50212325874419;6.42628372392786;1.58086877604625;13.0224251674309;2.55084575362034
FR;0;2021-08-07;0.508083178729284;6.60657130347697;1.64642789588228;13.0864943072707;2.62236479344147
FR;0;2021-08-08;0.533412838665934;6.70639996322729;1.69261727576676;13.3964101464956;2.71921349319925
FR;0;2021-08-09;0.566192398583953;6.91797712269814;1.73731667565497;14.2307989444088;2.89205117276698
FR;0;2021-08-10;0.564702418587679;7.08783484227333;1.75966637559907;14.3887368240138;2.92185077269245
FR;0;2021-08-11;0.597481978505698;7.33517152165474;1.81777559545374;14.624153663425;2.99038985252104
FR;0;2021-08-12;0.633241498416263;7.49459938125601;1.84012529539785;14.9295995626611;3.0544589923608
FR;0;2021-08-13;0.679430878300743;7.7091565007194;1.79691587550591;15.1784262220388;3.06190889234217
FR;0;2021-08-14;0.750949918121874;7.8387847603952;1.81628561545747;15.179916202035;3.09468845226018
FR;0;2021-08-15;0.797139298006355;8.0250322599294;1.80585575548355;15.5196316411854;3.19302713201424
FR;0;2021-08-16;0.823958937939279;8.03695209989958;1.83118541542021;16.269091579311;3.35692493160433
FR;0;2021-08-17;0.886538097782768;8.05185189986232;1.85800505535313;16.3137909791992;3.3643748315857
FR;0;2021-08-18;0.952097217618805;8.05781181984741;1.85055515537176;16.4225595189272;3.37927463154843
FR;0;2021-08-19;0.975936897559182;7.99523266000392;1.85502509536058;16.4061697389682;3.43142393141801
FR;0;2021-08-20;0.996796617507012;7.8611344603393;1.88631467528233;16.3763701390427;3.44185379139192
FR;0;2021-08-21;1.0310661574213;7.75087594061506;1.88184473529351;16.0694342598103;3.42248405144037
FR;0;2021-08-22;1.0370260774064;7.75683586060015;1.89525455525997;16.3957398789943;3.49549307125777
FR;0;2021-08-23;1.0653356973356;7.7091565007194;1.85353511536431;17.1466897971161;3.65045099087022
FR;0;2021-08-24;1.09066535727225;7.57207834106223;1.82224553544256;17.0453711573695;3.6236313509373
FR;0;2021-08-25;1.05192587736913;7.33517152165474;1.83565535540903;16.8144242579471;3.63853115090003
FR;0;2021-08-26;1.07576555730951;7.24577272187832;1.81777559545374;16.6996957982341;3.65045099087022
FR;0;2021-08-27;1.09215533726852;7.19362342200875;1.80585575548355;16.6192368784353;3.67280069081433
FR;0;2021-08-28;1.03404611741385;6.9596965625938;1.74923651562516;16.1469132196166;3.60277163098947
FR;0;2021-08-29;1.0087164574772;6.76301920308569;1.72837679567733;16.3480605191135;3.66535079083296
FR;0;2021-08-30;1.01020643747347;6.60955126346951;1.68814733577794;16.9395825776341;3.76368947058701
FR;0;2021-08-31;0.959547117600173;6.43820356389805;1.63599803590837;16.5536777585993;3.6683307508255
FR;0;2021-09-01;0.98338679754055;6.30261538423716;1.55255915611705;16.3227308591769;3.61618145095593
FR;0;2021-09-02;0.935707437659796;6.0582586648483;1.51083971622139;16.0262248399184;3.55956221109754
FR;0;2021-09-03;0.92080763769706;5.80496206548179;1.46316035634064;15.8310374604066;3.53572253115716
FR;0;2021-09-04;0.935707437659796;5.78857228552278;1.46763029632946;15.4987719212376;3.45973355134721
FR;0;2021-09-05;0.950607237622531;5.60232478598859;1.42740083643007;15.5315514811556;3.4880431712764
FR;0;2021-09-06;0.891008037771589;5.36094802659227;1.40803109647851;15.9234162201755;3.58787183102673
FR;0;2021-09-07;0.901437897745504;5.17470052705807;1.37227157656795;15.539001381137;3.47016341132112
FR;0;2021-09-08;0.868658337827485;5.04954220737109;1.35588179660894;15.1888560820127;3.39417443151117
FR;0;2021-09-09;0.888028077779042;4.88415442778473;1.30969241672446;14.8253009629219;3.33159527166768
FR;0;2021-09-10;0.835878777909467;4.72770652817601;1.25456315686234;14.5541246036001;3.27795599180183
FR;0;2021-09-11;0.816509037957911;4.55039890861945;1.18006415704866;14.0877608647665;3.14981771212231
FR;0;2021-09-12;0.79117937802126;4.39693096900328;1.12791485717909;14.0862708847702;3.11256821221547
FR;0;2021-09-13;0.794159338013808;4.21664338945418;1.07278559731696;14.3485073641144;3.14236781214094
FR;0;2021-09-14;0.759889798099516;4.11532474970757;1.03851605740267;14.0326316049044;3.01571951245769
FR;0;2021-09-15;0.734560138162865;3.8828878702889;0.990836697521918;13.6228871059292;2.95761029260302
FR;0;2021-09-16;0.691350718270932;3.73984979064664;0.935707437659796;13.311481286708;2.89056119277071
FR;0;2021-09-17;0.682410838293291;3.55211231111617;0.896967957756683;12.9449462076247;2.81904215294958
FR;0;2021-09-18;0.676450918308196;3.41056421147018;0.87461825781258;12.4681526088172;2.70729365322906
FR;0;2021-09-19;0.648141298378999;3.3137155117124;0.862698417842391;12.4428229488805;2.69984375324769
FR;0;2021-09-20;0.645161338386452;3.16024757209622;0.804589197987722;12.6395003083886;2.67302411331477
FR;0;2021-09-21;0.61536173846098;2.92930067267382;0.771809638069704;12.1329071096556;2.56276559359052
FR;0;2021-09-22;0.595991998509424;2.82947201292349;0.740520058147959;11.8393810503897;2.4793267137992
FR;0;2021-09-23;0.566192398583953;2.71325357321415;0.707740498229941;11.5607547910866;2.4063176939818
FR;0;2021-09-24;0.557252518606311;2.64173453339302;0.6988006182523;11.350667611612;2.37502811406005
FR;0;2021-09-25;0.506593198733011;2.56127561359425;0.669001018326829;11.0109521724616;2.29158923426874
FR;0;2021-09-26;0.512553118718105;2.47783673380293;0.628771558427442;10.9960523724989;2.28264935429109
FR;0;2021-09-27;0.490203418774001;2.38247801404142;0.625791598434895;11.1361104921486;2.29456919426128
FR;0;2021-09-28;0.500633278747916;2.31095897422029;0.597481978505698;10.8336445529051;2.17686077455567
FR;0;2021-09-29;0.490203418774001;2.27221949431718;0.566192398583953;10.669746753315;2.09342189476435
FR;0;2021-09-30;0.494673358762822;2.18729063452959;0.551292598621217;10.4775393337957;2.02041287494695
FR;0;2021-10-01;0.485733478785181;2.15302109461529;0.497653318755369;10.2704321143137;1.9384639751519
FR;0;2021-10-02;0.490203418774001;2.08001207479789;0.499143298751643;9.96051627508875;1.89227459526742
FR;0;2021-10-03;0.452953918867162;2.07256217481652;0.503613238740463;10.0156455349509;1.8937645752637
FR;0;2021-10-04;0.430604218923059;2.06958221482397;0.499143298751643;10.2033830144813;1.92505415518544
FR;0;2021-10-05;0.402294598993861;2.05170245486869;0.506593198733011;9.98286597503285;1.87439483531214
FR;0;2021-10-06;0.385904819034852;1.97273351506619;0.485733478785181;9.77873871554337;1.80734573547983
FR;0;2021-10-07;0.362065139094475;1.9667735950811;0.473813638814992;9.6193108559421;1.74029663564752
FR;0;2021-10-08;0.317365739206268;1.95187379511836;0.48126353879636;9.52544211617687;1.70304713574068
FR;0;2021-10-09;0.300975959247259;1.91909423520035;0.469343698826171;9.32280483668367;1.67026757582266
FR;0;2021-10-10;0.293526059265891;1.84608521538294;0.445504018885794;9.33919461664267;1.67175755581893
FR;0;2021-10-11;0.287566139280797;1.83863531540157;0.445504018885794;9.5463018361247;1.71943691569969
FR;0;2021-10-12;0.283096199291976;1.86396497533822;0.438054118904427;9.37644411654951;1.65238781586738
FR;0;2021-10-13;0.283096199291976;1.86098501534568;0.452953918867162;9.26171565683645;1.6061984359829
FR;0;2021-10-14;0.296506019258438;1.8878046552786;0.445504018885794;9.17529681705258;1.56298901609096
FR;0;2021-10-15;0.311405819221174;1.90717439523016;0.461893798844804;9.106757737224;1.55255915611705
FR;0;2021-10-16;0.300975959247259;1.96528361508483;0.464873758837351;8.99053929751466;1.53169943616922
FR;0;2021-10-17;0.30544589923608;2.00551307498421;0.482753518792633;9.0560984173507;1.54510925613568
FR;0;2021-10-18;0.300975959247259;2.03382269491341;0.470833678822445;9.27661545679918;1.58086877604625
FR;0;2021-10-19;0.297995999254712;2.06511227483515;0.490203418774001;9.24830583686999;1.56894893607606
FR;0;2021-10-20;0.281606219295703;2.16345095458921;0.497653318755369;9.20062647698923;1.52424953618785
FR;0;2021-10-21;0.275646299310609;2.22156017444388;0.517023058706925;9.22595613692588;1.50934973622512
FR;0;2021-10-22;0.274156319314335;2.25284975436562;0.525962938684567;9.22893609691843;1.51083971622139
FR;0;2021-10-23;0.292036079269618;2.28711929427992;0.545332678636123;9.12314751718301;1.5212695761953
FR;0;2021-10-24;0.277136279306882;2.29307921426501;0.5691723585765;9.19466655700414;1.55404913611332
FR;0;2021-10-25;0.277136279306882;2.34522851413458;0.604931878487065;9.48074271628866;1.63897799590092
FR;0;2021-10-26;0.271176359321788;2.40035777399671;0.618341698453527;9.51650223619923;1.62556817593445
FR;0;2021-10-27;0.315875759209995;2.47485677381038;0.63622145840881;9.61335093595701;1.62556817593445
FR;0;2021-10-28;0.302465939243533;2.51210627371722;0.660061138349187;9.63272067590857;1.61960825594936
FR;0;2021-10-29;0.317365739206268;2.53743593365387;0.661551118345461;9.66252027583404;1.62109823594563
FR;0;2021-10-30;0.320345699198815;2.61640487345637;0.671980978319376;9.54481185612843;1.61811827595309
FR;0;2021-10-31;0.323325659191363;2.6596142933483;0.660061138349187;9.59845113599427;1.63003811592327
FR;0;2021-11-01;0.333755519165277;2.57617541355699;0.633241498416263;9.78767859552102;1.68367739578912
FR;0;2021-11-02;0.348655319128013;2.66259425334085;0.633241498416263;10.1244140746788;1.71943691569969
FR;0;2021-11-03;0.320345699198815;2.72368343318807;0.643671358390178;10.1810333145372;1.70602709573323
FR;0;2021-11-04;0.332265539169004;2.78030267304646;0.674960938311923;10.1542136746043;1.7298667756736
FR;0;2021-11-05;0.315875759209995;2.89205117276698;0.689860738274658;10.1735834145559;1.71198701571832
FR;0;2021-11-06;0.314385779213721;2.91142091271854;0.70327055824112;10.0841846147795;1.70900705572577
FR;0;2021-11-07;0.320345699198815;2.99336981251358;0.718170358203856;10.2033830144813;1.73731667565497
FR;0;2021-11-08;0.321835679195089;3.24368645188754;0.759889798099516;10.6295172934156;1.82820545542766
FR;0;2021-11-09;0.324815639187636;3.37182473156707;0.800119257998902;10.7531856331063;1.84012529539785
FR;0;2021-11-10;0.332265539169004;3.42248405144037;0.810549117972817;10.860464192838;1.82224553544256
FR;0;2021-11-11;0.339715439150372;3.40162433149254;0.789689398024987;10.8053349329759;1.81628561545747
FR;0;2021-11-12;0.375474959060937;3.55211231111617;0.849288597875929;11.258288851843;1.92356417518917
FR;0;2021-11-13;0.385904819034852;3.73239989066527;0.862698417842391;11.2389191118915;1.92654413518171
FR;0;2021-11-14;0.412724458967776;3.86351813033734;0.889518057775315;11.4907257312617;1.98018341504756
FR;0;2021-11-15;0.424644298937965;4.07807524980073;0.94166735764489;12.097147589745;2.0904419347718
FR;0;2021-11-16;0.423154318941691;4.21664338945418;0.943157337641164;12.2774351692941;2.09193191476808
FR;0;2021-11-17;0.441034078896974;4.39693096900328;0.958057137603899;12.4592127288395;2.0964018547569
FR;0;2021-11-18;0.469343698826171;4.72919650817228;1.00573649748465;12.7035694482284;2.13067139467119
FR;0;2021-11-19;0.478283578803813;4.82753518792633;1.00424651748838;12.8898169477626;2.1470611746302
FR;0;2021-11-20;0.490203418774001;4.87670452780336;1.03553609741012;12.8436275678781;2.1470611746302
FR;0;2021-11-21;0.496163338759096;4.9929229675127;1.06235573734305;13.1446035271253;2.2200701944476
FR;0;2021-11-22;0.515533078710652;5.28495904678232;1.1159950172089;13.9953821049976;2.39439785401161
FR;0;2021-11-23;0.576622258557868;5.60232478598859;1.20092387699649;14.3708570640585;2.43611729390727
FR;0;2021-11-24;0.598971958501971;5.87499112530665;1.26201305684371;14.6971626832424;2.44803713387746
FR;0;2021-11-25;0.598971958501971;6.24897610437131;1.35290183661639;15.114357082199;2.54339585363897
FR;0;2021-11-26;0.628771558427442;6.65574064335399;1.3976012365046;15.5166516811929;2.59703513350482
FR;0;2021-11-27;0.658571158352914;6.9537366426087;1.46763029632946;15.6328701209022;2.65812431335203
FR;0;2021-11-28;0.694330678263479;7.2189530819454;1.56447899608724;16.0709242398066;2.78477261303528
FR;0;2021-11-29;0.725620258185224;7.61826772094671;1.62258821594191;17.2405585368814;2.97400007256203
FR;0;2021-11-30;0.749459938125601;7.92073366019025;1.69261727576676;17.6979823957373;3.04104917239434
FR;0;2021-12-01;0.816509037957911;8.35282785910958;1.84608521538294;18.213515474448;3.17067743207014
FR;0;2021-12-02;0.876108237808854;8.73724269814816;1.95038381512209;18.7305385331549;3.31669547170494
FR;0;2021-12-03;0.917827677704513;9.13953729714202;2.0397826148985;19.3414303316271;3.41205419146645
FR;0;2021-12-04;0.961037097596446;9.45243309635946;2.14408121463765;19.3667599915637;3.47314337131367
FR;0;2021-12-05;1.0310661574213;9.75638901559927;2.19325055451468;19.9910616100024;3.63406121091121
FR;0;2021-12-06;1.11301505721635;10.054385014854;2.31244895421657;21.3052239667156;3.90821753022555
FR;0;2021-12-07;1.16963429707474;10.5430984536317;2.41227761396689;21.9086658652064;3.99314639001314
FR;0;2021-12-08;1.1949639570114;10.8515243128603;2.41525757395944;22.3213903241742;4.07360530981191
FR;0;2021-12-09;1.22774351692941;11.0467116923722;2.42568743393336;22.7907340230004;4.12128466969267
FR;0;2021-12-10;1.25158319686979;11.2612688118356;2.54637581363151;23.2600777218265;4.2658127293312
FR;0;2021-12-11;1.33800203665366;11.3447076916269;2.56127561359425;23.1334294221433;4.30008226924549
FR;0;2021-12-12;1.34992187662385;11.4221866514331;2.62087481344519;23.5223142011707;4.44461032888403
FR;0;2021-12-13;1.34247197664248;11.5190353511909;2.59405517351227;24.8603162378243;4.65320752836233
FR;0;2021-12-14;1.35588179660894;11.5205253311872;2.58809525352717;25.0286839774033;4.70237686823936
FR;0;2021-12-15;1.40505113648597;11.6054541909748;2.63875457340048;25.2804905967735;4.76048608809403
FR;0;2021-12-16;1.46912027632573;11.6427036908816;2.67451409331104;25.4577982163301;4.79326564801204
FR;0;2021-12-17;1.52424953618785;11.6278038909189;2.69239385326632;25.5591168560767;4.94077366764313
FR;0;2021-12-18;1.53765935615431;11.6516435708592;2.62683473343029;25.0704034172989;4.86031474784435
FR;0;2021-12-19;1.56149903609469;11.6158840509487;2.59554515350854;25.4235286764158;4.93183378766548
FR;0;2021-12-20;1.58533871603507;11.7097527907139;2.62236479344147;26.8419896328682;5.18066044704317
FR;0;2021-12-21;1.60470845598662;11.7559421705984;2.65365437336321;26.7928202929912;5.20748008697609
FR;0;2021-12-22;1.63301807591582;11.8647107103264;2.71921349319925;26.9313884326446;5.2521794868643
FR;0;2021-12-23;1.64046797589719;12.0569181298456;2.75199305311727;26.9358583726334;5.29687888675251
FR;0;2021-12-24;1.65387779586365;12.0941676297525;2.72517341318434;26.8419896328682;5.34455824663326
FR;0;2021-12-25;1.68814733577794;12.3355443891488;2.7728527730651;26.4680046538035;5.31922858669661
FR;0;2021-12-26;1.74476657563634;12.7840283680271;2.80563233298311;27.445431531359;5.43544702640595
FR;0;2021-12-27;1.77605615555808;13.2593319868384;2.86374155283778;29.2244676469096;5.6634139658358
FR;0;2021-12-28;1.81330565546492;13.8434041453776;2.89503113275953;29.9709476250427;5.70960334572028
FR;0;2021-12-29;1.84906517537549;14.4066165839691;2.86523153283406;30.5505498435931;5.72450314568302
FR;0;2021-12-30;1.87439483531214;14.9504592826089;2.89801109275207;30.9871139825012;5.78857228552278
FR;0;2021-12-31;1.93250405516681;15.4585424613382;2.88758123277816;31.2121009619385;5.79453220550788
FR;0;2022-01-01;1.92505415518544;15.7192889606861;2.91142091271854;30.7069977432018;5.69023360576873
FR;0;2022-01-02;1.89972449524879;16.0634743398253;2.94122051264401;31.7529637005858;5.85562138535509
FR;0;2022-01-03;1.92803411517799;16.7071456982154;2.93526059265891;33.9849537350036;6.08805826477377
FR;0;2022-01-04;1.96528361508483;17.3359172566429;2.99336981251358;34.6539547533305;6.11487790470669
FR;0;2022-01-05;1.94591387513327;17.5802739760317;3.06488885233471;34.9474808125964;6.14914744462098
